year,county,population
1990,STATE,6628637
1980,STATE,5881766
2000,STATE,8046668
1990,Beaufort,42283
2000,Beaufort,44958
1990,Burke,75740
1980,Camden,5829
2000,Camden,6885
2000,Caswell,23501
2000,Chatham,49326
1980,Cherokee,18933
2000,Chowan,14150
1980,Clay,6619
1990,Clay,7155
2000,Clay,8775
1990,Cleveland,84713
1980,Dare,13377
1990,Davidson,126677
1990,Davie,27859
1980,Edgecombe,55988
1990,Forsyth,265878
2000,Franklin,47260
2000,Granville,48498
1980,Harnett,59570
1990,Jackson,26846
1980,Lee,36718
2000,Lee,49170
1980,Lenoir,59819
1990,Macon,23499
2000,Macon,29806
1990,Martin,25078
2000,McDowell,42151
2000,Mecklenburg,695370
1990,Nash,76677
2000,Alamance,130800
1990,Alexander,27544
2000,Pasquotank,34897
1990,Anson,23474
2000,Polk,18324
2000,Brunswick,73141
1990,Robeson,105170
2000,Burke,89145
2000,Caldwell,77708
1990,Rowan,110605
1980,Alamance,99319
1990,Sampson,47297
1980,Alleghany,9587
1980,Stanly,48517
1980,Catawba,105208
2000,Catawba,141686
1980,Union,70436
1980,Vance,36748
2000,Columbus,54749
1980,Buncombe,160897
1980,Cumberland,247160
1980,Wilson,63132
2000,Buncombe,206310
1990,Cumberland,274713
1990,Yadkin,30488
1990,Currituck,13736
1990,Yancey,15419
1990,Cabarrus,98935
1980,Davie,24599
2000,Forsyth,306063
1990,Chowan,13506
2000,Gaston,190336
1980,Graham,7217
1980,Davidson,113162
1990,Greene,15384
1980,Haywood,46495
2000,Duplin,49063
1990,Hoke,22856
2000,Hoke,33650
1990,Gaston,175093
1980,Gates,8875
1990,Hyde,5411
2000,Hyde,5826
1990,Johnston,81306
1980,Jones,9705
1990,Halifax,55516
2000,Lenoir,59619
1990,Lincoln,50319
2000,Harnett,91085
2000,Haywood,54033
1980,Alexander,24999
2000,Henderson,89193
2000,Alexander,33603
1980,Hertford,23368
1980,Anson,25649
1980,Montgomery,22469
2000,Ashe,24384
1990,Northampton,20798
1990,Lee,41370
1980,Bladen,30491
1990,Onslow,149838
2000,Bladen,32278
1980,Orange,77055
1980,Cabarrus,85895
1980,Pender,22262
1980,McDowell,35135
2000,Pender,41082
1990,Caldwell,70709
1980,Perquimans,9486
1990,Camden,5904
1980,Carteret,41092
1980,Randolph,91300
2000,Randolph,130471
1990,Richmond,44518
1990,Moore,59000
1980,Nash,67153
1990,Catawba,118412
2000,Nash,87385
1980,New Hanover,103471
1980,Stokes,33086
2000,Northampton,22086
1980,Surry,59449
1990,Swain,11268
1980,Cleveland,83435
2000,Onslow,150355
1990,Ashe,22209
1990,Transylvania,25520
2000,Cleveland,96258
2000,Orange,115531
2000,Bertie,19757
1990,Craven,81613
2000,Craven,91523
1980,Person,29164
2000,Cumberland,302960
1980,Currituck,11089
2000,Person,35623
1990,Buncombe,174778
1980,Warren,16232
1980,Burke,72504
2000,Davidson,147250
1980,Polk,12984
1990,Watauga,36952
1980,Wayne,97054
2000,Richmond,46557
1980,Gaston,162568
2000,Wayne,113329
2000,Carteret,59383
1990,Gates,9305
2000,Rockingham,91928
2000,Graham,7993
2000,Rutherford,62901
1990,Harnett,67833
1990,Cherokee,20170
1990,Haywood,46942
2000,Swain,12973
2000,Transylvania,29334
2000,Jackson,33121
2000,Currituck,18190
2000,Dare,29967
1990,Duplin,39995
2000,Madison,19635
2000,Gates,10516
1980,Yadkin,28439
1980,Greene,16117
1980,Guilford,317154
1990,Guilford,347420
2000,Moore,74768
1980,Northampton,22195
1980,Hoke,20383
1990,Orange,93851
1980,Iredell,82538
1990,Pender,28855
2000,Jones,10398
1990,Person,30180
1990,Polk,14416
1990,Randolph,106546
1980,Richmond,45161
1980,Robeson,101610
1980,Rockingham,83426
1980,Rowan,99186
1980,Sampson,49687
1990,Scotland,33763
2000,Tyrrell,4149
2000,Union,123772
2000,Vance,42954
2000,Robeson,123241
1990,Rockingham,86064
1990,Surry,61704
1990,Tyrrell,3856
1990,Warren,17265
1990,Washington,13997
2000,Washington,13723
1990,Wayne,104666
1980,North Carolina,5881766
2000,North Carolina,8046668
1990,Alamance,108213
1990,Alleghany,9590
1980,Ashe,22325
1990,Avery,14867
1990,Bladen,28663
1990,Carteret,52553
2000,Cherokee,24298
1980,Chowan,12558
1980,Craven,71043
2000,Durham,223314
1990,Edgecombe,56692
1980,Franklin,30055
1990,Franklin,36414
1990,Granville,38341
2000,Guilford,421048
1980,Halifax,55076
1990,Henderson,69326
1990,Hertford,22523
2000,Hertford,22977
1990,Iredell,92935
1990,Lenoir,57274
1980,Lincoln,42372
1980,Madison,16827
1990,McDowell,35681
1990,Mecklenburg,511481
1980,Mitchell,14428
2000,Montgomery,26827
1980,Moore,50505
2000,New Hanover,160327
1990,Pamlico,11368
2000,Perquimans,11368
1980,Pitt,90146
2000,Pitt,133719
2000,Sampson,60161
2000,Stokes,44711
1980,Swain,10283
1990,Vance,38892
2000,Wake,627846
2000,Warren,19972
2000,Watauga,42693
2000,Wilkes,65636
2000,Yancey,17774
1990,North Carolina,6628637
1980,Avery,14409
2000,Avery,17167
1980,Beaufort,40355
1990,Bertie,20388
1980,Brunswick,35777
1990,Brunswick,50985
1980,Caswell,20705
1990,Caswell,20693
1990,Chatham,38759
2000,Davie,34835
1980,Durham,152235
1990,Durham,181854
2000,Halifax,57370
1980,Henderson,58617
1980,Hyde,5873
2000,Johnston,121900
1990,Jones,9414
1980,Macon,20178
1990,Madison,16953
1980,Martin,25948
2000,Martin,25546
1990,Mitchell,14433
1990,Montgomery,23352
1990,New Hanover,120284
1980,Onslow,112784
1980,Pamlico,10398
1980,Pasquotank,28462
1990,Perquimans,10447
1990,Pitt,108480
1980,Scotland,32273
2000,Stanly,58100
1990,Stokes,37223
2000,Surry,71209
1980,Transylvania,23417
1980,Wake,301429
1990,Wake,426301
1990,Wilkes,59393
1990,Wilson,66061
2000,Wilson,73811
2000,Yadkin,36351
1980,Yancey,14934
2000,Alleghany,10680
2000,Anson,25275
1980,Bertie,21024
2000,Cabarrus,131063
1980,Caldwell,67746
1980,Chatham,33415
1980,Columbus,51037
1990,Columbus,49587
1990,Dare,22746
1980,Duplin,40952
2000,Edgecombe,55606
1980,Forsyth,243704
1990,Graham,7196
1980,Granville,34043
2000,Greene,18974
2000,Iredell,122660
1980,Jackson,25811
1980,Johnston,70599
2000,Lincoln,63780
1980,Mecklenburg,404270
2000,Mitchell,15687
2000,Pamlico,12934
1990,Pasquotank,31298
2000,Rowan,130340
1980,Rutherford,53787
1990,Rutherford,56919
2000,Scotland,35998
1990,Stanly,51765
1980,Tyrrell,3975
1990,Union,84210
1980,Washington,14801
1980,Watauga,31666
1980,Wilkes,58657
2003,Greene,19848
2004,Greene,20132
2005,Greene,20146
2006,Greene,20742
2007,Greene,21178
2008,Greene,21230
2009,Greene,21253
2001,Guilford,428381
2002,Guilford,432068
2003,Guilford,436327
2004,Guilford,440597
2005,Guilford,448192
2006,Guilford,458792
2007,Guilford,468466
2008,Guilford,477809
2009,Guilford,484180
2001,Halifax,56788
2002,Halifax,56507
2003,Halifax,56301
2004,Halifax,56000
2005,Halifax,55860
2006,Halifax,55685
2007,Halifax,55616
2008,Halifax,55568
2009,Halifax,55033
2001,Harnett,93168
2002,Harnett,95708
2003,Harnett,96787
2004,Harnett,98545
2005,Harnett,100728
2006,Harnett,103036
2007,Harnett,105770
2008,Harnett,108752
2009,Harnett,111866
2001,Haywood,54802
2002,Haywood,55387
2003,Haywood,56077
2004,Haywood,56785
2005,Haywood,57085
2006,Haywood,57701
2007,Haywood,58386
2008,Haywood,58811
2009,Haywood,59152
2001,Henderson,91150
2002,Henderson,92700
2003,Henderson,94246
2004,Henderson,95797
2005,Henderson,97584
2006,Henderson,100056
2007,Henderson,102270
2008,Henderson,104289
2009,Henderson,105813
2001,Hertford,22812
2002,Hertford,23547
2003,Hertford,23531
2004,Hertford,23729
2005,Hertford,23895
2006,Hertford,23981
2007,Hertford,24240
2008,Hertford,24473
2009,Hertford,24580
2001,Hoke,34722
2002,Hoke,35785
2003,Hoke,36505
2004,Hoke,38119
2005,Hoke,39798
2006,Hoke,41360
2007,Hoke,42496
2008,Hoke,43912
2009,Hoke,45406
2001,Hyde,5735
2002,Hyde,5846
2003,Hyde,5750
2004,Hyde,5712
2005,Hyde,5733
2006,Hyde,5621
2007,Hyde,5639
2008,Hyde,5764
2009,Hyde,5774
2001,Iredell,127136
2002,Iredell,130352
2003,Iredell,133099
2004,Iredell,136514
2005,Iredell,140514
2006,Iredell,146854
2007,Iredell,151944
2008,Iredell,156204
2009,Iredell,158387
2001,Jackson,33885
2002,Jackson,34587
2003,Jackson,35711
2004,Jackson,36555
2005,Jackson,37075
2006,Jackson,38129
2007,Jackson,38404
2008,Jackson,38994
2009,Jackson,39856
2001,Alamance,133346
2002,Alamance,135239
2003,Alamance,136009
2004,Alamance,137619
2005,Alamance,139311
2006,Alamance,141462
2007,Alamance,144712
2008,Alamance,147704
2009,Alamance,149954
2001,Alexander,34187
2002,Alexander,34665
2003,Alexander,34998
2004,Alexander,35343
2005,Alexander,35786
2006,Alexander,36243
2007,Alexander,36609
2008,Alexander,36840
2009,Alexander,37053
2001,Alleghany,10740
2002,Alleghany,10740
2003,Alleghany,10776
2004,Alleghany,10790
2005,Alleghany,10788
2006,Alleghany,10940
2007,Alleghany,11061
2008,Alleghany,11131
2009,Alleghany,11125
2001,Anson,25553
2002,Anson,25723
2003,Anson,25749
2004,Anson,26386
2005,Anson,26585
2006,Anson,26599
2007,Anson,26664
2008,Anson,26837
2009,Anson,26917
2001,Ashe,24750
2002,Ashe,25029
2003,Ashe,25288
2004,Ashe,25684
2005,Ashe,25838
2006,Ashe,26134
2007,Ashe,26506
2008,Ashe,26858
2009,Ashe,27144
2001,Avery,17706
2002,Avery,17867
2003,Avery,17896
2004,Avery,17971
2005,Avery,17945
2006,Avery,18104
2007,Avery,17949
2008,Avery,18024
2009,Avery,17925
2001,Beaufort,45084
2002,Beaufort,45216
2003,Beaufort,45418
2004,Beaufort,45618
2005,Beaufort,46059
2006,Beaufort,46622
2007,Beaufort,46702
2008,Beaufort,47297
2009,Beaufort,47485
2001,Bertie,19829
2002,Bertie,19841
2003,Bertie,19897
2004,Bertie,20018
2005,Bertie,20057
2006,Bertie,19936
2007,Bertie,20927
2008,Bertie,21121
2009,Bertie,21216
2001,Bladen,32714
2002,Bladen,32782
2003,Bladen,33129
2004,Bladen,33684
2005,Bladen,33934
2006,Bladen,34114
2007,Bladen,34285
2008,Bladen,34665
2009,Bladen,34852
2001,Brunswick,76005
2002,Brunswick,78296
2003,Brunswick,80584
2004,Brunswick,83327
2005,Brunswick,87846
2006,Brunswick,93938
2007,Brunswick,99008
2008,Brunswick,103257
2009,Brunswick,105777
2001,Buncombe,209104
2002,Buncombe,211841
2003,Buncombe,214982
2004,Buncombe,218139
2005,Buncombe,221642
2006,Buncombe,226524
2007,Buncombe,230766
2008,Buncombe,233772
2009,Buncombe,236349
2001,Burke,89525
2002,Burke,89371
2003,Burke,89493
2004,Burke,89394
2005,Burke,89526
2006,Burke,89903
2007,Burke,90146
2008,Burke,90788
2009,Burke,91178
2001,Cabarrus,136463
2002,Cabarrus,140054
2003,Cabarrus,143336
2004,Cabarrus,146429
2005,Cabarrus,150797
2006,Cabarrus,157735
2007,Cabarrus,165717
2008,Cabarrus,171915
2009,Cabarrus,175993
2001,Caldwell,78375
2002,Caldwell,78920
2003,Caldwell,79380
2004,Caldwell,79471
2005,Caldwell,80218
2006,Caldwell,80897
2007,Caldwell,81588
2008,Caldwell,82527
2009,Caldwell,82798
2001,Camden,7100
2002,Camden,7412
2003,Camden,7894
2004,Camden,8415
2005,Camden,8991
2006,Camden,9321
2007,Camden,9570
2008,Camden,9802
2009,Camden,9899
2001,Carteret,59790
2002,Carteret,60311
2003,Carteret,61067
2004,Carteret,62127
2005,Carteret,62833
2006,Carteret,64028
2007,Carteret,64258
2008,Carteret,64700
2009,Carteret,65670
2001,Caswell,23610
2002,Caswell,23767
2003,Caswell,23833
2004,Caswell,23801
2005,Caswell,23827
2006,Caswell,23993
2007,Caswell,23914
2008,Caswell,23912
2009,Caswell,23725
2001,Catawba,144865
2002,Catawba,145343
2003,Catawba,145601
2004,Catawba,147016
2005,Catawba,148629
2006,Catawba,150449
2007,Catawba,152448
2008,Catawba,153848
2009,Catawba,154610
2001,Chatham,51482
2002,Chatham,53857
2003,Chatham,55061
2004,Chatham,56236
2005,Chatham,57045
2006,Chatham,58779
2007,Chatham,60054
2008,Chatham,61783
2009,Chatham,62693
2001,Cherokee,24629
2002,Cherokee,24884
2003,Cherokee,25229
2004,Cherokee,25658
2005,Cherokee,26077
2006,Cherokee,26877
2007,Cherokee,27350
2008,Cherokee,27545
2009,Cherokee,27378
2001,Chowan,14490
2002,Chowan,14559
2003,Chowan,14529
2004,Chowan,14573
2005,Chowan,14625
2006,Chowan,14835
2007,Chowan,14953
2008,Chowan,14831
2009,Chowan,14915
2001,Clay,9086
2002,Clay,9273
2003,Clay,9429
2004,Clay,9583
2005,Clay,9833
2006,Clay,10107
2007,Clay,10356
2008,Clay,10492
2009,Clay,10540
2001,Cleveland,96861
2002,Cleveland,97068
2003,Cleveland,97241
2004,Cleveland,97134
2005,Cleveland,96844
2006,Cleveland,96990
2007,Cleveland,97524
2008,Cleveland,98155
2009,Cleveland,98211
2001,Columbus,54806
2002,Columbus,54975
2003,Columbus,54961
2004,Columbus,55099
2005,Columbus,55155
2006,Columbus,55654
2007,Columbus,55964
2008,Columbus,56503
2009,Columbus,58163
2001,Craven,93325
2002,Craven,92633
2003,Craven,92906
2004,Craven,93548
2005,Craven,94729
2006,Craven,96926
2007,Craven,97825
2008,Craven,99423
2009,Craven,101923
2001,Cumberland,304316
2002,Cumberland,305697
2003,Cumberland,303318
2004,Cumberland,307629
2005,Cumberland,303695
2006,Cumberland,307365
2007,Cumberland,308284
2008,Cumberland,311800
2009,Cumberland,317252
2001,Currituck,18714
2002,Currituck,19327
2003,Currituck,20299
2004,Currituck,21469
2005,Currituck,22418
2006,Currituck,22923
2007,Currituck,23216
2008,Currituck,23378
2009,Currituck,23335
2001,Dare,30826
2002,Dare,31898
2003,Dare,32697
2004,Dare,33196
2005,Dare,33354
2006,Dare,33463
2007,Dare,33541
2008,Dare,33553
2009,Dare,33679
2001,Davidson,149663
2002,Davidson,151296
2003,Davidson,152809
2004,Davidson,154179
2005,Davidson,155425
2006,Davidson,157209
2007,Davidson,159126
2008,Davidson,161520
2009,Davidson,162406
2001,Davie,35905
2002,Davie,36446
2003,Davie,36864
2004,Davie,37552
2005,Davie,38559
2006,Davie,39539
2007,Davie,40260
2008,Davie,40748
2009,Davie,41035
2001,Duplin,50182
2002,Duplin,51121
2003,Duplin,51880
2004,Duplin,52732
2005,Duplin,53445
2006,Duplin,54704
2007,Duplin,55610
2008,Duplin,56810
2009,Duplin,57434
2001,Durham,228978
2002,Durham,233505
2003,Durham,235570
2004,Durham,238376
2005,Durham,241785
2006,Durham,246929
2007,Durham,252796
2008,Durham,259356
2009,Durham,265356
2001,Edgecombe,55792
2002,Edgecombe,55855
2003,Edgecombe,55994
2004,Edgecombe,56064
2005,Edgecombe,56151
2006,Edgecombe,56129
2007,Edgecombe,55911
2008,Edgecombe,56420
2009,Edgecombe,56237
2001,Forsyth,310807
2002,Forsyth,314215
2003,Forsyth,316659
2004,Forsyth,319997
2005,Forsyth,325065
2006,Forsyth,332110
2007,Forsyth,338638
2008,Forsyth,344330
2009,Forsyth,348532
2001,Franklin,48794
2002,Franklin,50622
2003,Franklin,51959
2004,Franklin,53119
2005,Franklin,54260
2006,Franklin,55460
2007,Franklin,57174
2008,Franklin,58925
2009,Franklin,59959
2001,Gaston,191424
2002,Gaston,191930
2003,Gaston,191545
2004,Gaston,191646
2005,Gaston,193527
2006,Gaston,196284
2007,Gaston,200377
2008,Gaston,204454
2009,Gaston,205884
2001,Gates,10546
2002,Gates,10616
2003,Gates,10800
2004,Gates,10874
2005,Gates,11294
2006,Gates,11708
2007,Gates,12042
2008,Gates,12098
2009,Gates,12138
2001,Graham,8054
2002,Graham,8204
2003,Graham,8222
2004,Graham,8382
2005,Graham,8418
2006,Graham,8561
2007,Graham,8583
2008,Graham,8742
2009,Graham,8749
2001,Granville,50137
2002,Granville,51977
2003,Granville,52836
2004,Granville,53296
2005,Granville,54115
2006,Granville,55167
2007,Granville,57356
2008,Granville,58356
2009,Granville,59411
2001,Greene,19241
2002,Greene,19512
2001,Johnston,127487
2002,Johnston,132103
2003,Johnston,135628
2004,Johnston,140055
2005,Johnston,144417
2006,Johnston,149721
2007,Johnston,155695
2008,Johnston,161746
2009,Johnston,166478
2001,Jones,10215
2002,Jones,10112
2003,Jones,9957
2004,Jones,10123
2005,Jones,10053
2006,Jones,9994
2007,Jones,10035
2008,Jones,9974
2009,Jones,10143
2001,Lee,49853
2002,Lee,49313
2003,Lee,49372
2004,Lee,49747
2005,Lee,51056
2006,Lee,52642
2007,Lee,54106
2008,Lee,55822
2009,Lee,57359
2001,Lenoir,59421
2002,Lenoir,59293
2003,Lenoir,59142
2004,Lenoir,59088
2005,Lenoir,59195
2006,Lenoir,59203
2007,Lenoir,59072
2008,Lenoir,59398
2009,Lenoir,59421
2001,Lincoln,65352
2002,Lincoln,66400
2003,Lincoln,67444
2004,Lincoln,68267
2005,Lincoln,69902
2006,Lincoln,72179
2007,Lincoln,74139
2008,Lincoln,76143
2009,Lincoln,77573
2001,McDowell,42796
2002,McDowell,42911
2003,McDowell,43211
2004,McDowell,43390
2005,McDowell,43655
2006,McDowell,43969
2007,McDowell,44345
2008,McDowell,44768
2009,McDowell,44865
2001,Macon,30415
2002,Macon,30870
2003,Macon,31248
2004,Macon,31667
2005,Macon,32054
2006,Macon,32736
2007,Macon,33164
2008,Macon,33608
2009,Macon,33820
2001,Madison,19848
2002,Madison,19890
2003,Madison,19873
2004,Madison,19992
2005,Madison,20097
2006,Madison,20265
2007,Madison,20420
2008,Madison,20585
2009,Madison,20700
2001,Martin,25211
2002,Martin,25055
2003,Martin,24968
2004,Martin,24822
2005,Martin,24575
2006,Martin,24651
2007,Martin,24391
2008,Martin,24404
2009,Martin,24408
2001,Mecklenburg,720171
2002,Mecklenburg,736422
2003,Mecklenburg,753991
2004,Mecklenburg,772949
2005,Mecklenburg,798701
2006,Mecklenburg,831507
2007,Mecklenburg,862177
2008,Mecklenburg,887991
2009,Mecklenburg,908704
2001,Mitchell,15860
2002,Mitchell,15856
2003,Mitchell,15837
2004,Mitchell,15928
2005,Mitchell,15858
2006,Mitchell,15699
2007,Mitchell,15746
2008,Mitchell,15740
2009,Mitchell,15671
2001,Montgomery,26952
2002,Montgomery,26991
2003,Montgomery,27226
2004,Montgomery,27077
2005,Montgomery,27153
2006,Montgomery,27311
2007,Montgomery,27490
2008,Montgomery,27716
2009,Montgomery,27710
2001,Moore,76259
2002,Moore,77521
2003,Moore,78333
2004,Moore,79475
2005,Moore,80841
2006,Moore,82838
2007,Moore,84795
2008,Moore,86122
2009,Moore,87244
2001,Nash,88242
2002,Nash,88843
2003,Nash,89493
2004,Nash,90262
2005,Nash,90876
2006,Nash,92127
2007,Nash,93733
2008,Nash,94718
2009,Nash,95492
2001,New Hanover,164386
2002,New Hanover,168147
2003,New Hanover,171928
2004,New Hanover,178362
2005,New Hanover,185412
2006,New Hanover,190791
2007,New Hanover,194339
2008,New Hanover,197709
2009,New Hanover,200178
2001,Northampton,22063
2002,Northampton,22073
2003,Northampton,22101
2004,Northampton,21981
2005,Northampton,22180
2006,Northampton,22112
2007,Northampton,22293
2008,Northampton,22259
2009,Northampton,22102
2001,Onslow,151068
2002,Onslow,153397
2003,Onslow,150481
2004,Onslow,158837
2005,Onslow,157205
2006,Onslow,161185
2007,Onslow,163256
2008,Onslow,169059
2009,Onslow,173064
2001,Orange,118684
2002,Orange,117667
2003,Orange,118667
2004,Orange,119320
2005,Orange,121526
2006,Orange,124286
2007,Orange,127193
2008,Orange,129764
2009,Orange,132369
2001,Pamlico,12848
2002,Pamlico,12919
2003,Pamlico,12913
2004,Pamlico,12849
2005,Pamlico,13005
2006,Pamlico,12995
2007,Pamlico,13013
2008,Pamlico,13094
2009,Pamlico,13136
2001,Pasquotank,34787
2002,Pasquotank,35281
2003,Pasquotank,35673
2004,Pasquotank,36533
2005,Pasquotank,37741
2006,Pasquotank,38956
2007,Pasquotank,40049
2008,Pasquotank,40554
2009,Pasquotank,40541
2001,Pender,41610
2002,Pender,42416
2003,Pender,42949
2004,Pender,44136
2005,Pender,45485
2006,Pender,47481
2007,Pender,49181
2008,Pender,50551
2009,Pender,51636
2001,Perquimans,11533
2002,Perquimans,11598
2003,Perquimans,11696
2004,Perquimans,11817
2005,Perquimans,12102
2006,Perquimans,12494
2007,Perquimans,12901
2008,Perquimans,13292
2009,Perquimans,13273
2001,Person,36085
2002,Person,36751
2003,Person,37104
2004,Person,37391
2005,Person,37931
2006,Person,38244
2007,Person,38656
2008,Person,39016
2009,Person,39335
2001,Pitt,136605
2002,Pitt,139128
2003,Pitt,141610
2004,Pitt,144486
2005,Pitt,147929
2006,Pitt,152934
2007,Pitt,157479
2008,Pitt,162116
2009,Pitt,165581
2001,Polk,18683
2002,Polk,18928
2003,Polk,19064
2004,Polk,19325
2005,Polk,19557
2006,Polk,19912
2007,Polk,20145
2008,Polk,20393
2009,Polk,20531
2001,Randolph,132092
2002,Randolph,132989
2003,Randolph,134034
2004,Randolph,134732
2005,Randolph,136301
2006,Randolph,137885
2007,Randolph,138855
2008,Randolph,140297
2009,Randolph,141175
2001,Richmond,46480
2002,Richmond,46659
2003,Richmond,46292
2004,Richmond,46227
2005,Richmond,46310
2006,Richmond,46263
2007,Richmond,46390
2008,Richmond,46538
2009,Richmond,46537
2001,Robeson,123913
2002,Robeson,124676
2003,Robeson,125665
2004,Robeson,126117
2005,Robeson,127885
2006,Robeson,128894
2007,Robeson,130453
2008,Robeson,131734
2009,Robeson,132984
2001,Rockingham,92268
2002,Rockingham,92798
2003,Rockingham,92779
2004,Rockingham,92382
2005,Rockingham,92587
2006,Rockingham,92960
2007,Rockingham,93164
2008,Rockingham,93299
2009,Rockingham,93547
2001,Rowan,131852
2002,Rowan,132765
2003,Rowan,132562
2004,Rowan,132202
2005,Rowan,132527
2006,Rowan,134045
2007,Rowan,135626
2008,Rowan,137721
2009,Rowan,138562
2001,Rutherford,63671
2002,Rutherford,63924
2003,Rutherford,64475
2004,Rutherford,64692
2005,Rutherford,65126
2006,Rutherford,65855
2007,Rutherford,66305
2008,Rutherford,67145
2009,Rutherford,67561
2001,Sampson,60526
2002,Sampson,60732
2003,Sampson,61144
2004,Sampson,61376
2005,Sampson,61720
2006,Sampson,62118
2007,Sampson,62539
2008,Sampson,62837
2009,Sampson,63127
2001,Scotland,35851
2002,Scotland,35450
2003,Scotland,35442
2004,Scotland,36446
2005,Scotland,36405
2006,Scotland,36348
2007,Scotland,36399
2008,Scotland,36463
2009,Scotland,36313
2001,Stanly,58674
2002,Stanly,58689
2003,Stanly,58748
2004,Stanly,58638
2005,Stanly,58931
2006,Stanly,59185
2007,Stanly,59849
2008,Stanly,60418
2009,Stanly,60496
2001,Stokes,44974
2002,Stokes,45079
2003,Stokes,45331
2004,Stokes,45772
2005,Stokes,46165
2006,Stokes,46755
2007,Stokes,47079
2008,Stokes,47363
2009,Stokes,47422
2001,Surry,71782
2002,Surry,72152
2003,Surry,72404
2004,Surry,72219
2005,Surry,72562
2006,Surry,72807
2007,Surry,73027
2008,Surry,73404
2009,Surry,73505
2001,Swain,13030
2002,Swain,13120
2003,Swain,13199
2004,Swain,13240
2005,Swain,13463
2006,Swain,13693
2007,Swain,13819
2008,Swain,13872
2009,Swain,13933
2001,Transylvania,29619
2002,Transylvania,30009
2003,Transylvania,30073
2004,Transylvania,30417
2005,Transylvania,30910
2006,Transylvania,31469
2007,Transylvania,32061
2008,Transylvania,32543
2009,Transylvania,32852
2001,Tyrrell,4166
2002,Tyrrell,4235
2003,Tyrrell,4344
2004,Tyrrell,4289
2005,Tyrrell,4280
2006,Tyrrell,4339
2007,Tyrrell,4402
2008,Tyrrell,4353
2009,Tyrrell,4358
2001,Union,131661
2002,Union,138329
2003,Union,144244
2004,Union,151452
2005,Union,160835
2006,Union,172529
2007,Union,184782
2008,Union,193678
2009,Union,198533
2001,Vance,43932
2002,Vance,44056
2003,Vance,44030
2004,Vance,44081
2005,Vance,44136
2006,Vance,44574
2007,Vance,44676
2008,Vance,44977
2009,Vance,45223
2001,Wake,656819
2002,Wake,676392
2003,Wake,695746
2004,Wake,716336
2005,Wake,746048
2006,Wake,784038
2007,Wake,821607
2008,Wake,856492
2009,Wake,883624
2001,Warren,20067
2002,Warren,20131
2003,Warren,20293
2004,Warren,20464
2005,Warren,20642
2006,Warren,20513
2007,Warren,20724
2008,Warren,20923
2009,Warren,20959
2001,Washington,13589
2002,Washington,13472
2003,Washington,13510
2004,Washington,13393
2005,Washington,13401
2006,Washington,13305
2007,Washington,13176
2008,Washington,13300
2009,Washington,13252
2001,Watauga,43853
2002,Watauga,44570
2003,Watauga,45095
2004,Watauga,45478
2005,Watauga,46390
2006,Watauga,47748
2007,Watauga,48765
2008,Watauga,50266
2009,Watauga,50706
2001,Wayne,113934
2002,Wayne,114305
2003,Wayne,114595
2004,Wayne,116484
2005,Wayne,117009
2006,Wayne,117534
2007,Wayne,118942
2008,Wayne,119910
2009,Wayne,121217
2001,Wilkes,66694
2002,Wilkes,67202
2003,Wilkes,67617
2004,Wilkes,67668
2005,Wilkes,68104
2006,Wilkes,68489
2007,Wilkes,68966
2008,Wilkes,69317
2009,Wilkes,69258
2001,Wilson,74232
2002,Wilson,75213
2003,Wilson,75685
2004,Wilson,76140
2005,Wilson,76775
2006,Wilson,77379
2007,Wilson,78474
2008,Wilson,79790
2009,Wilson,80664
2001,Yadkin,36837
2002,Yadkin,37285
2003,Yadkin,37301
2004,Yadkin,37265
2005,Yadkin,37591
2006,Yadkin,37881
2007,Yadkin,37965
2008,Yadkin,38225
2009,Yadkin,38293
2001,Yancey,17789
2002,Yancey,17710
2003,Yancey,17664
2004,Yancey,17704
2005,Yancey,17757
2006,Yancey,17814
2007,Yancey,18000
2008,Yancey,18016
2009,Yancey,17931
2001,STATE,8210122
2002,STATE,8326201
2003,STATE,8422501
2004,STATE,8553152
2005,STATE,8705407
2006,STATE,8917270
2007,STATE,9118037
2008,STATE,9309449
2009,STATE,9449566
2010,Alamance,151440
2011,Alamance,151961
2012,Alamance,152545
2013,Alamance,153274
2014,Alamance,155070
2015,Alamance,156554
2016,Alamance,159836
2017,Alamance,163045
2018,Alamance,166638
2019,Alamance,170483
2010,Alexander,37235
2011,Alexander,37158
2012,Alexander,37323
2013,Alexander,37414
2014,Alexander,37597
2015,Alexander,37550
2016,Alexander,37908
2017,Alexander,38070
2018,Alexander,38303
2019,Alexander,38530
2010,Alleghany,11139
2011,Alleghany,11068
2012,Alleghany,10993
2013,Alleghany,11065
2014,Alleghany,11180
2015,Alleghany,11237
2016,Alleghany,11297
2017,Alleghany,11378
2018,Alleghany,11422
2019,Alleghany,11466
2010,Anson,26852
2011,Anson,26699
2012,Anson,26597
2013,Anson,26288
2014,Anson,26304
2015,Anson,26035
2016,Anson,25644
2017,Anson,25490
2018,Anson,25288
2019,Anson,25290
2010,Ashe,27228
2011,Ashe,27107
2012,Ashe,27170
2013,Ashe,27149
2014,Ashe,27203
2015,Ashe,26989
2016,Ashe,27072
2017,Ashe,27297
2018,Ashe,27606
2019,Ashe,27861
2010,Avery,17765
2011,Avery,17910
2012,Avery,17810
2013,Avery,17844
2014,Avery,17871
2015,Avery,17764
2016,Avery,17857
2017,Avery,17970
2018,Avery,18057
2019,Avery,18022
2010,Beaufort,47807
2011,Beaufort,47864
2012,Beaufort,47790
2013,Beaufort,47667
2014,Beaufort,47585
2015,Beaufort,47612
2016,Beaufort,47473
2017,Beaufort,47458
2018,Beaufort,47475
2019,Beaufort,47480
2010,Bertie,21245
2011,Bertie,20937
2012,Bertie,20574
2013,Bertie,20463
2014,Bertie,20454
2015,Bertie,20409
2016,Bertie,19798
2017,Bertie,19780
2018,Bertie,19709
2019,Bertie,19636
2010,Bladen,35192
2011,Bladen,35026
2012,Bladen,35103
2013,Bladen,35043
2014,Bladen,35040
2015,Bladen,34898
2016,Bladen,34664
2017,Bladen,34522
2018,Bladen,34566
2019,Bladen,34497
2010,Brunswick,108065
2011,Brunswick,110148
2012,Brunswick,112409
2013,Brunswick,115284
2014,Brunswick,119050
2015,Brunswick,122957
2016,Brunswick,127152
2017,Brunswick,131644
2018,Brunswick,137103
2019,Brunswick,142088
2010,Buncombe,238737
2011,Buncombe,241798
2012,Buncombe,244725
2013,Buncombe,247951
2014,Buncombe,250552
2015,Buncombe,253775
2016,Buncombe,257259
2017,Buncombe,259082
2018,Buncombe,261065
2019,Buncombe,264056
2010,Burke,90575
2011,Burke,90203
2012,Burke,89619
2013,Burke,89151
2014,Burke,89151
2015,Burke,89321
2016,Burke,90123
2017,Burke,91077
2018,Burke,91402
2019,Burke,91810
2010,Cabarrus,178535
2011,Cabarrus,180684
2012,Cabarrus,183253
2013,Cabarrus,186067
2014,Cabarrus,190218
2015,Cabarrus,194982
2016,Cabarrus,200230
2017,Cabarrus,204865
2018,Cabarrus,209150
2019,Cabarrus,212917
2010,Caldwell,83021
2011,Caldwell,82937
2012,Caldwell,82695
2013,Caldwell,82605
2014,Caldwell,82598
2015,Caldwell,82765
2016,Caldwell,83143
2017,Caldwell,83227
2018,Caldwell,83291
2019,Caldwell,83417
2010,Camden,10009
2011,Camden,10035
2012,Camden,9966
2013,Camden,10075
2014,Camden,10210
2015,Camden,10214
2016,Camden,10290
2017,Camden,10352
2018,Camden,10490
2019,Camden,10611
2010,Carteret,66698
2011,Carteret,67681
2012,Carteret,68434
2013,Carteret,69235
2014,Carteret,69497
2015,Carteret,69742
2016,Carteret,69871
2017,Carteret,70247
2018,Carteret,70696
2019,Carteret,71163
2010,Caswell,23753
2011,Caswell,23723
2012,Caswell,23487
2013,Caswell,23688
2014,Caswell,23482
2015,Caswell,23491
2016,Caswell,23527
2017,Caswell,23480
2018,Caswell,23679
2019,Caswell,23664
2010,Catawba,154766
2011,Catawba,155038
2012,Catawba,155692
2013,Catawba,155582
2014,Catawba,155977
2015,Catawba,156197
2016,Catawba,156774
2017,Catawba,157424
2018,Catawba,158483
2019,Catawba,159494
2010,Chatham,63840
2011,Chatham,64396
2012,Chatham,65152
2013,Chatham,66117
2014,Chatham,67373
2015,Chatham,69228
2016,Chatham,70746
2017,Chatham,72570
2018,Chatham,74264
2019,Chatham,75994
2010,Cherokee,27431
2011,Cherokee,27468
2012,Cherokee,27414
2013,Cherokee,27443
2014,Cherokee,27517
2015,Cherokee,27729
2016,Cherokee,28544
2017,Cherokee,28879
2018,Cherokee,29275
2019,Cherokee,29630
2010,Chowan,14737
2011,Chowan,14822
2012,Chowan,14689
2013,Chowan,14770
2014,Chowan,14572
2015,Chowan,14431
2016,Chowan,14278
2017,Chowan,14204
2018,Chowan,14173
2019,Chowan,14114
2010,Clay,10607
2011,Clay,10699
2012,Clay,10709
2013,Clay,10831
2014,Clay,10830
2015,Clay,10969
2016,Clay,11200
2017,Clay,11457
2018,Clay,11658
2019,Clay,11860
2010,Cleveland,97919
2011,Cleveland,97706
2012,Cleveland,97523
2013,Cleveland,97246
2014,Cleveland,97646
2015,Cleveland,97755
2016,Cleveland,98069
2017,Cleveland,98393
2018,Cleveland,99140
2019,Cleveland,99776
2010,Columbus,57975
2011,Columbus,58019
2012,Columbus,57989
2013,Columbus,57726
2014,Columbus,57504
2015,Columbus,57188
2016,Columbus,56842
2017,Columbus,56699
2018,Columbus,56424
2019,Columbus,56290
2010,Craven,104176
2011,Craven,104523
2012,Craven,105170
2013,Craven,104213
2014,Craven,104069
2015,Craven,103111
2016,Craven,103184
2017,Craven,103426
2018,Craven,103594
2019,Craven,103779
2010,Cumberland,327195
2011,Cumberland,330874
2012,Cumberland,330007
2013,Cumberland,332224
2014,Cumberland,329360
2015,Cumberland,329046
2016,Cumberland,330048
2017,Cumberland,328529
2018,Cumberland,331764
2019,Cumberland,332455
2010,Currituck,23674
2011,Currituck,23973
2012,Currituck,24118
2013,Currituck,24414
2014,Currituck,24986
2015,Currituck,25538
2016,Currituck,26022
2017,Currituck,26673
2018,Currituck,27099
2019,Currituck,27526
2010,Dare,33982
2011,Dare,34256
2012,Dare,34759
2013,Dare,35136
2014,Dare,35377
2015,Dare,35756
2016,Dare,36167
2017,Dare,36680
2018,Dare,36997
2019,Dare,37290
2010,Davidson,162861
2011,Davidson,163044
2012,Davidson,162994
2013,Davidson,163498
2014,Davidson,163869
2015,Davidson,164418
2016,Davidson,165613
2017,Davidson,166591
2018,Davidson,168093
2019,Davidson,169468
2010,Davie,41255
2011,Davie,41276
2012,Davie,41276
2013,Davie,41403
2014,Davie,41345
2015,Davie,41625
2016,Davie,42142
2017,Davie,42635
2018,Davie,42976
2019,Davie,43430
2010,Duplin,58650
2011,Duplin,59355
2012,Duplin,59690
2013,Duplin,59807
2014,Duplin,59911
2015,Duplin,59769
2016,Duplin,59837
2017,Duplin,59647
2018,Duplin,59772
2019,Duplin,59736
2010,Durham,271354
2011,Durham,275977
2012,Durham,281509
2013,Durham,286383
2014,Durham,292305
2015,Durham,296917
2016,Durham,302879
2017,Durham,306465
2018,Durham,311163
2019,Durham,315741
2010,Edgecombe,56626
2011,Edgecombe,56213
2012,Edgecombe,55975
2013,Edgecombe,55545
2014,Edgecombe,55332
2015,Edgecombe,54268
2016,Edgecombe,53458
2017,Edgecombe,53159
2018,Edgecombe,52724
2019,Edgecombe,52586
2010,Forsyth,351393
2011,Forsyth,354384
2012,Forsyth,357490
2013,Forsyth,359892
2014,Forsyth,363212
2015,Forsyth,365378
2016,Forsyth,369029
2017,Forsyth,372845
2018,Forsyth,376309
2019,Forsyth,379693
2010,Franklin,60818
2011,Franklin,60861
2012,Franklin,61618
2013,Franklin,62473
2014,Franklin,63104
2015,Franklin,64069
2016,Franklin,65260
2017,Franklin,66577
2018,Franklin,68012
2019,Franklin,69112
2010,Gaston,206105
2011,Gaston,207339
2012,Gaston,208317
2013,Gaston,209364
2014,Gaston,210195
2015,Gaston,212197
2016,Gaston,215269
2017,Gaston,218445
2018,Gaston,221006
2019,Gaston,222744
2010,Gates,12165
2011,Gates,12045
2012,Gates,12104
2013,Gates,11882
2014,Gates,11943
2015,Gates,11819
2016,Gates,11984
2017,Gates,12021
2018,Gates,12094
2019,Gates,12132
2010,Graham,8870
2011,Graham,8858
2012,Graham,8862
2013,Graham,8860
2014,Graham,8820
2015,Graham,8751
2016,Graham,8830
2017,Graham,8752
2018,Graham,8686
2019,Graham,8687
2010,Granville,57665
2011,Granville,57730
2012,Granville,57686
2013,Granville,57564
2014,Granville,57819
2015,Granville,58226
2016,Granville,59048
2017,Granville,60112
2018,Granville,60700
2019,Granville,61406
2010,Greene,21259
2011,Greene,21515
2012,Greene,21239
2013,Greene,20960
2014,Greene,21101
2015,Greene,21016
2016,Greene,21274
2017,Greene,21305
2018,Greene,21024
2019,Greene,21050
2010,Guilford,489589
2011,Guilford,495082
2012,Guilford,501431
2013,Guilford,507000
2014,Guilford,511636
2015,Guilford,516493
2016,Guilford,523934
2017,Guilford,528041
2018,Guilford,534346
2019,Guilford,539666
2010,Halifax,54474
2011,Halifax,54257
2012,Halifax,53977
2013,Halifax,53447
2014,Halifax,52905
2015,Halifax,52212
2016,Halifax,52116
2017,Halifax,51973
2018,Halifax,51552
2019,Halifax,51194
2010,Harnett,115742
2011,Harnett,118597
2012,Harnett,121317
2013,Harnett,123428
2014,Harnett,125600
2015,Harnett,127038
2016,Harnett,129434
2017,Harnett,131042
2018,Harnett,133172
2019,Harnett,135239
2010,Haywood,58935
2011,Haywood,59165
2012,Haywood,59150
2013,Haywood,59545
2014,Haywood,59810
2015,Haywood,60451
2016,Haywood,61534
2017,Haywood,62488
2018,Haywood,62839
2019,Haywood,63328
2010,Henderson,106887
2011,Henderson,107244
2012,Henderson,107740
2013,Henderson,108752
2014,Henderson,110485
2015,Henderson,111854
2016,Henderson,113889
2017,Henderson,115384
2018,Henderson,116857
2019,Henderson,118312
2010,Hertford,24763
2011,Hertford,24743
2012,Hertford,24548
2013,Hertford,24623
2014,Hertford,24591
2015,Hertford,24508
2016,Hertford,24238
2017,Hertford,24054
2018,Hertford,24093
2019,Hertford,24037
2010,Hoke,47496
2011,Hoke,49142
2012,Hoke,50000
2013,Hoke,50581
2014,Hoke,50813
2015,Hoke,51735
2016,Hoke,52138
2017,Hoke,53331
2018,Hoke,53992
2019,Hoke,54842
2010,Hyde,5811
2011,Hyde,5799
2012,Hyde,5708
2013,Hyde,5745
2014,Hyde,5670
2015,Hyde,5571
2016,Hyde,5570
2017,Hyde,5442
2018,Hyde,5198
2019,Hyde,5181
2010,Iredell,159768
2011,Iredell,160988
2012,Iredell,162819
2013,Iredell,164834
2014,Iredell,166862
2015,Iredell,169776
2016,Iredell,173088
2017,Iredell,176089
2018,Iredell,178730
2019,Iredell,181380
2010,Jackson,40357
2011,Jackson,40383
2012,Jackson,40706
2013,Jackson,40826
2014,Jackson,41131
2015,Jackson,41590
2016,Jackson,43003
2017,Jackson,43544
2018,Jackson,43819
2019,Jackson,44335
2010,Johnston,169681
2011,Johnston,172109
2012,Johnston,174207
2013,Johnston,176620
2014,Johnston,179734
2015,Johnston,183619
2016,Johnston,188749
2017,Johnston,193902
2018,Johnston,199790
2019,Johnston,205951
2010,Jones,10143
2011,Jones,10330
2012,Jones,10410
2013,Jones,10355
2014,Jones,10245
2015,Jones,10205
2016,Jones,10123
2017,Jones,10123
2018,Jones,10196
2019,Jones,10196
2010,Lee,57886
2011,Lee,58294
2012,Lee,58820
2013,Lee,59028
2014,Lee,58930
2015,Lee,58711
2016,Lee,59181
2017,Lee,59810
2018,Lee,60878
2019,Lee,61690
2010,Lenoir,59492
2011,Lenoir,59563
2012,Lenoir,59280
2013,Lenoir,58853
2014,Lenoir,58557
2015,Lenoir,58225
2016,Lenoir,57653
2017,Lenoir,57175
2018,Lenoir,56856
2019,Lenoir,56372
2010,Lincoln,78104
2011,Lincoln,78321
2012,Lincoln,78757
2013,Lincoln,79217
2014,Lincoln,79892
2015,Lincoln,80936
2016,Lincoln,81884
2017,Lincoln,83052
2018,Lincoln,84751
2019,Lincoln,86453
2010,Macon,33958
2011,Macon,33969
2012,Macon,34050
2013,Macon,34184
2014,Macon,34529
2015,Macon,34803
2016,Macon,35117
2017,Macon,35614
2018,Macon,36101
2019,Macon,36498
2010,Madison,20779
2011,Madison,20916
2012,Madison,21216
2013,Madison,21415
2014,Madison,21619
2015,Madison,21739
2016,Madison,22039
2017,Madison,22215
2018,Madison,22361
2019,Madison,22602
2010,Martin,24501
2011,Martin,24101
2012,Martin,23806
2013,Martin,23583
2014,Martin,23565
2015,Martin,23544
2016,Martin,23453
2017,Martin,23303
2018,Martin,23264
2019,Martin,23150
2010,McDowell,45098
2011,McDowell,45139
2012,McDowell,45267
2013,McDowell,45284
2014,McDowell,45329
2015,McDowell,45447
2016,McDowell,45531
2017,McDowell,46099
2018,McDowell,46373
2019,McDowell,46684
2010,Mecklenburg,923258
2011,Mecklenburg,940887
2012,Mecklenburg,961255
2013,Mecklenburg,990504
2014,Mecklenburg,1010400
2015,Mecklenburg,1033682
2016,Mecklenburg,1054613
2017,Mecklenburg,1073159
2018,Mecklenburg,1088350
2019,Mecklenburg,1108107
2010,Mitchell,15507
2011,Mitchell,15335
2012,Mitchell,15349
2013,Mitchell,15328
2014,Mitchell,15258
2015,Mitchell,15187
2016,Mitchell,15145
2017,Mitchell,15167
2018,Mitchell,15223
2019,Mitchell,15239
2010,Montgomery,27731
2011,Montgomery,27826
2012,Montgomery,27796
2013,Montgomery,27702
2014,Montgomery,27668
2015,Montgomery,27744
2016,Montgomery,27702
2017,Montgomery,27733
2018,Montgomery,27621
2019,Montgomery,27666
2010,Moore,88587
2011,Moore,89291
2012,Moore,90560
2013,Moore,91721
2014,Moore,92903
2015,Moore,94159
2016,Moore,95812
2017,Moore,97625
2018,Moore,99390
2019,Moore,101180
2010,Nash,95789
2011,Nash,95763
2012,Nash,95212
2013,Nash,94504
2014,Nash,94320
2015,Nash,94162
2016,Nash,94302
2017,Nash,94910
2018,Nash,95327
2019,Nash,95647
2010,New Hanover,203286
2011,New Hanover,206299
2012,New Hanover,209734
2013,New Hanover,213466
2014,New Hanover,216910
2015,New Hanover,219602
2016,New Hanover,225070
2017,New Hanover,229118
2018,New Hanover,232248
2019,New Hanover,235560
2010,Northampton,22039
2011,Northampton,21900
2012,Northampton,21502
2013,Northampton,21267
2014,Northampton,21201
2015,Northampton,21143
2016,Northampton,20895
2017,Northampton,20908
2018,Northampton,20618
2019,Northampton,20527
2010,Onslow,186889
2011,Onslow,186457
2012,Onslow,191183
2013,Onslow,193505
2014,Onslow,192684
2015,Onslow,193966
2016,Onslow,193505
2017,Onslow,196535
2018,Onslow,198740
2019,Onslow,201548
2010,Orange,133986
2011,Orange,135287
2012,Orange,138300
2013,Orange,139427
2014,Orange,140103
2015,Orange,140678
2016,Orange,142148
2017,Orange,142597
2018,Orange,145574
2019,Orange,147093
2010,Pamlico,13110
2011,Pamlico,13221
2012,Pamlico,13138
2013,Pamlico,13009
2014,Pamlico,13118
2015,Pamlico,13122
2016,Pamlico,13278
2017,Pamlico,13245
2018,Pamlico,13359
2019,Pamlico,13266
2010,Pasquotank,40629
2011,Pasquotank,40131
2012,Pasquotank,40018
2013,Pasquotank,39257
2014,Pasquotank,39459
2015,Pasquotank,39554
2016,Pasquotank,39894
2017,Pasquotank,39780
2018,Pasquotank,39790
2019,Pasquotank,39731
2010,Pender,52416
2011,Pender,53328
2012,Pender,54070
2013,Pender,55194
2014,Pender,56320
2015,Pender,57761
2016,Pender,59258
2017,Pender,60771
2018,Pender,62168
2019,Pender,63406
2010,Perquimans,13481
2011,Perquimans,13588
2012,Perquimans,13733
2013,Perquimans,13811
2014,Perquimans,13720
2015,Perquimans,13701
2016,Perquimans,13654
2017,Perquimans,13678
2018,Perquimans,13652
2019,Perquimans,13639
2010,Person,39413
2011,Person,39460
2012,Person,39115
2013,Person,39138
2014,Person,39247
2015,Person,39538
2016,Person,39753
2017,Person,39882
2018,Person,40208
2019,Person,40370
2010,Pitt,168853
2011,Pitt,170298
2012,Pitt,172509
2013,Pitt,173875
2014,Pitt,174211
2015,Pitt,175475
2016,Pitt,176060
2017,Pitt,177705
2018,Pitt,178440
2019,Pitt,179731
2010,Polk,20481
2011,Polk,20358
2012,Polk,20309
2013,Polk,20589
2014,Polk,20818
2015,Polk,20896
2016,Polk,21127
2017,Polk,21303
2018,Polk,21535
2019,Polk,21696
2010,Randolph,141986
2011,Randolph,141929
2012,Randolph,142419
2013,Randolph,142398
2014,Randolph,142749
2015,Randolph,142816
2016,Randolph,143444
2017,Randolph,143620
2018,Randolph,144085
2019,Randolph,144914
2010,Richmond,46633
2011,Richmond,46610
2012,Richmond,46146
2013,Richmond,45924
2014,Richmond,45439
2015,Richmond,45353
2016,Richmond,44957
2017,Richmond,45155
2018,Richmond,45199
2019,Richmond,45079
2010,Robeson,134496
2011,Robeson,134578
2012,Robeson,134399
2013,Robeson,134138
2014,Robeson,133659
2015,Robeson,133493
2016,Robeson,132787
2017,Robeson,132041
2018,Robeson,131600
2019,Robeson,131056
2010,Rockingham,93658
2011,Rockingham,93276
2012,Rockingham,92800
2013,Rockingham,92210
2014,Rockingham,92441
2015,Rockingham,92055
2016,Rockingham,91936
2017,Rockingham,91447
2018,Rockingham,91746
2019,Rockingham,91788
2010,Rowan,138368
2011,Rowan,137841
2012,Rowan,137765
2013,Rowan,138118
2014,Rowan,138897
2015,Rowan,139639
2016,Rowan,140557
2017,Rowan,141445
2018,Rowan,141802
2019,Rowan,142643
2010,Rutherford,67737
2011,Rutherford,67928
2012,Rutherford,67920
2013,Rutherford,67705
2014,Rutherford,67545
2015,Rutherford,67627
2016,Rutherford,67679
2017,Rutherford,68279
2018,Rutherford,68423
2019,Rutherford,68908
2010,Sampson,63536
2011,Sampson,63694
2012,Sampson,63967
2013,Sampson,64152
2014,Sampson,64160
2015,Sampson,63900
2016,Sampson,63661
2017,Sampson,63872
2018,Sampson,64087
2019,Sampson,64284
2010,Scotland,36063
2011,Scotland,36401
2012,Scotland,36262
2013,Scotland,36079
2014,Scotland,35971
2015,Scotland,35718
2016,Scotland,35842
2017,Scotland,35843
2018,Scotland,35744
2019,Scotland,35732
2010,Stanly,60576
2011,Stanly,60605
2012,Stanly,60363
2013,Stanly,60586
2014,Stanly,61026
2015,Stanly,61212
2016,Stanly,61696
2017,Stanly,62736
2018,Stanly,63328
2019,Stanly,63727
2010,Stokes,47349
2011,Stokes,47234
2012,Stokes,46995
2013,Stokes,46648
2014,Stokes,46723
2015,Stokes,46557
2016,Stokes,46581
2017,Stokes,46617
2018,Stokes,46472
2019,Stokes,46420
2010,Surry,73769
2011,Surry,73536
2012,Surry,73472
2013,Surry,73014
2014,Surry,73432
2015,Surry,72535
2016,Surry,72732
2017,Surry,73047
2018,Surry,73232
2019,Surry,73232
2010,Swain,14011
2011,Swain,14188
2012,Swain,14423
2013,Swain,14538
2014,Swain,14785
2015,Swain,14867
2016,Swain,14729
2017,Swain,14713
2018,Swain,14442
2019,Swain,14275
2010,Transylvania,33087
2011,Transylvania,33007
2012,Transylvania,33020
2013,Transylvania,33153
2014,Transylvania,33400
2015,Transylvania,33725
2016,Transylvania,34074
2017,Transylvania,34495
2018,Transylvania,35115
2019,Transylvania,35484
2010,Tyrrell,4415
2011,Tyrrell,4350
2012,Tyrrell,4135
2013,Tyrrell,4138
2014,Tyrrell,4144
2015,Tyrrell,4219
2016,Tyrrell,4133
2017,Tyrrell,4304
2018,Tyrrell,4260
2019,Tyrrell,4259
2010,Union,202110
2011,Union,204332
2012,Union,207438
2013,Union,210937
2014,Union,215312
2015,Union,219243
2016,Union,223663
2017,Union,228061
2018,Union,232465
2019,Union,237287
2010,Vance,45301
2011,Vance,45512
2012,Vance,45478
2013,Vance,44987
2014,Vance,44989
2015,Vance,45006
2016,Vance,44987
2017,Vance,45144
2018,Vance,45764
2019,Vance,45969
2010,Wake,906882
2011,Wake,924330
2012,Wake,944622
2013,Wake,963856
2014,Wake,983918
2015,Wake,1006139
2016,Wake,1028509
2017,Wake,1049943
2018,Wake,1070197
2019,Wake,1089579
2010,Warren,20981
2011,Warren,21043
2012,Warren,20828
2013,Warren,20618
2014,Warren,20642
2015,Warren,20603
2016,Warren,20287
2017,Warren,20249
2018,Warren,20066
2019,Warren,20022
2010,Washington,13135
2011,Washington,13027
2012,Washington,12767
2013,Washington,12799
2014,Washington,12614
2015,Washington,12527
2016,Washington,12384
2017,Washington,12319
2018,Washington,12153
2019,Washington,12071
2010,Watauga,50967
2011,Watauga,51742
2012,Watauga,52439
2013,Watauga,52664
2014,Watauga,52963
2015,Watauga,53780
2016,Watauga,55142
2017,Watauga,56294
2018,Watauga,57067
2019,Watauga,57899
2010,Wayne,122900
2011,Wayne,124058
2012,Wayne,125169
2013,Wayne,125450
2014,Wayne,125646
2015,Wayne,125217
2016,Wayne,125120
2017,Wayne,124086
2018,Wayne,124703
2019,Wayne,125825
2010,Wilkes,69270
2011,Wilkes,69196
2012,Wilkes,69372
2013,Wilkes,69286
2014,Wilkes,69413
2015,Wilkes,69446
2016,Wilkes,69844
2017,Wilkes,69795
2018,Wilkes,69913
2019,Wilkes,70200
2010,Wilson,81285
2011,Wilson,81273
2012,Wilson,81314
2013,Wilson,80929
2014,Wilson,80866
2015,Wilson,81217
2016,Wilson,81483
2017,Wilson,81597
2018,Wilson,81949
2019,Wilson,82282
2010,Yadkin,38434
2011,Yadkin,38343
2012,Yadkin,38269
2013,Yadkin,38160
2014,Yadkin,37850
2015,Yadkin,37730
2016,Yadkin,37828
2017,Yadkin,38140
2018,Yadkin,38100
2019,Yadkin,38196
2010,Yancey,17806
2011,Yancey,17840
2012,Yancey,17874
2013,Yancey,17899
2014,Yancey,17888
2015,Yancey,17932
2016,Yancey,18093
2017,Yancey,18289
2018,Yancey,18455
2019,Yancey,18623
2010,STATE,9574293
2011,STATE,9656754
2012,STATE,9749123
2013,STATE,9843599
2014,STATE,9933944
2015,STATE,10033079
2016,STATE,10156679
2017,STATE,10270800
2018,STATE,10389148
2019,STATE,10508254
